time,variance
2.0,0.016852829922405967
16.0,0.09200044460224163
36.0,0.09742033018013085
